date,Q5_most_exposed,Q1_least_exposed,Q5_most_exposed_smooth,Q1_least_exposed_smooth,Q5_index,Q1_index,Q5_minus_Q1
2018-01-01,236277.0,162990.0,,,,,
2018-02-01,203613.0,141076.0,,,,,
2018-03-01,218738.0,151304.0,,,,,
2018-04-01,197018.0,138474.0,,,,,
2018-05-01,216466.0,147748.0,,,,,
2018-06-01,214677.0,160516.0,,,,,
2018-07-01,206341.0,152739.0,,,,,
2018-08-01,198584.0,154810.0,,,,,
2018-09-01,209510.0,168947.0,,,,,
2018-10-01,205763.0,164435.0,,,,,
2018-11-01,203199.0,153334.0,,,,,
2018-12-01,138280.0,98243.0,204038.83333333334,149551.33333333334,84.29261044602548,66.92537585054436,17.367234595481122
2019-01-01,218058.0,159537.0,202520.58333333334,149263.58333333334,83.66539035405111,66.79660550479244,16.868784849258674
2019-02-01,203798.0,133427.0,202536.0,148626.16666666666,83.67175929400473,66.51135662710449,17.16040266690024
2019-03-01,220245.0,146081.0,202661.58333333334,148190.91666666666,83.72364033460002,66.31657889300016,17.407061441599865
2019-04-01,183311.0,125039.0,201519.33333333334,147071.33333333334,83.2517535240894,65.81555671078844,17.436196813300953
2019-05-01,263476.0,181693.0,205436.83333333334,149900.08333333334,84.8701528063615,67.08144416707253,17.78870863928897
2019-06-01,277097.0,182179.0,210638.5,151705.33333333334,87.0190675734201,67.88930747434848,19.129760099071618
2019-07-01,278155.0,187050.0,216623.0,154564.58333333334,89.49138678331352,69.1688439160207,20.32254286729281
2019-08-01,227969.0,160925.0,219071.75,155074.16666666666,90.50301543486779,69.39688639046987,21.106129044397917
2019-09-01,209413.0,167257.0,219063.66666666666,154933.33333333334,90.49967604472992,69.33386238690174,21.16581365782818
2019-10-01,218451.0,172901.0,220121.0,155638.83333333334,90.93648204544186,69.64957908169926,21.286902963742605
2019-11-01,211056.0,164654.0,220775.75,156582.16666666666,91.20697264660784,70.07172802867629,21.135244617931548
2019-12-01,160919.0,123265.0,222662.33333333334,158667.33333333334,91.9863587634204,71.00485620458264,20.98150255883776
2020-01-01,220472.0,167450.0,222863.5,159326.75,92.0694648231397,71.29995025205872,20.769514571080975
2020-02-01,233615.0,178856.0,225348.25,163112.5,93.09596581015327,72.99410259412765,20.10186321602562
2020-03-01,203304.0,159619.0,223936.5,164240.66666666666,92.51274304391264,73.49896588424913,19.013777159663505
2020-04-01,109310.0,104667.0,217769.75,162543.0,89.96513263575653,72.73924694892968,17.225885686826857
2020-05-01,80184.0,83599.0,202495.41666666666,154368.5,83.65499348991057,69.08109511105278,14.573898378857791
2020-06-01,94798.0,96697.0,187303.83333333334,147245.0,77.37904005959952,65.89327388441919,11.48576617518033
2020-07-01,104084.0,112930.0,172797.91666666666,141068.33333333334,71.38634953706413,63.12916788177443,8.257181655289706
2020-08-01,106740.0,130855.0,162695.5,138562.5,67.21283482550137,62.00778812597939,5.205046699521986
2020-09-01,123163.0,148753.0,155508.0,137020.5,64.2435317390098,61.31773122537309,2.925800513636709
2020-10-01,136056.0,164541.0,148641.75,136323.83333333334,61.406943590470966,61.00596751541478,0.40097607505618527
2020-11-01,123365.0,134091.0,141334.16666666666,133776.91666666666,58.38803162574594,59.86620265088655,-1.478171025140611
2020-12-01,118759.0,117448.0,137820.83333333334,133292.16666666666,56.93660185036641,59.649273284758856,-2.7126714343924476
2021-01-01,142967.0,137532.0,131362.08333333334,130799.0,54.26836027681824,58.53356196005397,-4.2652016832357305
2021-02-01,136992.0,127654.0,123310.16666666667,126532.16666666667,50.941949005791265,56.6241211134887,-5.682172107697433
2021-03-01,222304.0,213857.0,124893.5,131052.0,51.596056352380714,58.64678141261778,-7.050725060237063
2021-04-01,170790.0,177126.0,130016.83333333333,137090.25,53.71261001913437,61.34894488867872,-7.636334869544356
2021-05-01,212441.0,205302.0,141038.25,147232.16666666666,58.26578240533862,65.88753086870943,-7.621748463370814
2021-06-01,204303.0,201648.0,150163.66666666666,155978.08333333334,62.03567845735323,69.8013960749098,-7.765717617556575
2021-07-01,229606.0,229221.0,160623.83333333334,165669.0,66.35698700254277,74.13815607428329,-7.781169071740521
2021-08-01,207674.0,196360.0,169035.0,171127.75,69.83181178784062,76.58098882796982,-6.749177040129197
2021-09-01,235875.0,214374.0,178427.66666666666,176596.16666666666,73.71211427461904,79.02814748959356,-5.316033214974524
2021-10-01,233924.0,218142.0,186583.33333333334,181062.91666666666,77.08138679019886,81.02705258737774,-3.9456657971788758
2021-11-01,224644.0,215627.0,195023.25,187857.58333333334,80.5680887878427,84.06771835952621,-3.4996295716835135
2021-12-01,208732.0,183359.0,202521.0,193350.16666666666,83.66556248756336,86.52569179099301,-2.8601293034296447
2022-01-01,268636.0,234626.0,212993.41666666666,201441.33333333334,87.99193175801334,90.14655131906629,-2.1546195610529537
2022-02-01,247395.0,209044.0,222193.66666666666,208223.83333333334,91.79274298882991,93.18177241398342,-1.3890294251535096
2022-03-01,265412.0,234927.0,225786.0,209979.66666666666,93.27680927813402,93.96752138154582,-0.6907121034117978
2022-04-01,217531.0,197366.0,229681.08333333334,211666.33333333334,94.88594777744652,94.72231773197122,0.16363004547530124
2022-05-01,273523.0,239566.0,234771.25,214521.66666666666,96.98879961662425,96.00010143508266,0.9886981815415936
2022-06-01,242614.0,222587.0,237963.83333333334,216266.58333333334,98.30772101426575,96.78096511006079,1.5267559042049612
2022-07-01,251157.0,233784.0,239759.75,216646.83333333334,99.04965087881044,96.95112991969475,2.098520959115689
2022-08-01,236401.0,236663.0,242153.66666666666,220005.41666666666,100.03862676015123,98.45412188171028,1.5845048784409528
2022-09-01,230790.0,228714.0,241729.91666666666,221200.41666666666,99.86356697818242,98.98889360429428,0.8746733738881431
2022-10-01,237887.0,245255.0,242060.16666666666,223459.83333333334,100.0,100.0,0.0
2022-11-01,224282.0,232127.0,242030.0,224834.83333333334,99.98753753371236,100.61532311175982,-0.6277855780474653
2022-12-01,183377.0,183957.0,239917.08333333334,224884.66666666666,99.11464849303997,100.6376239130224,-1.52297541998243
2023-01-01,217884.0,227100.0,235687.75,224257.5,97.36742449019218,100.35696198944031,-2.9895374992481294
2023-02-01,200384.0,193832.0,231770.16666666666,222989.83333333334,95.74899078121761,99.78967137270755,-4.040680591489931
2023-03-01,193854.0,201786.0,225807.0,220228.08333333334,93.28548480715195,98.55376693350557,-5.2682821263536255
2023-04-01,159669.0,172613.0,220985.16666666666,218165.33333333334,91.2934869498699,97.63067038893641,-6.337183439066507
2023-05-01,186415.0,206477.0,213726.16666666666,215407.91666666666,88.29464575267444,96.39670514984422,-8.102059397169782
2023-06-01,189313.0,219136.0,209284.41666666666,215120.33333333334,86.45966808527632,96.26800938871192,-9.808341303435597
2023-07-01,144940.0,153195.0,200433.0,208404.58333333334,82.80296703092414,93.26265943394749,-10.459692403023354
2023-08-01,137900.0,151824.0,192224.58333333334,201334.66666666666,79.41190241269217,90.09881716251765,-10.686914749825476
2023-09-01,112694.0,127989.0,182383.25,192940.91666666666,75.34624655991176,86.34254925754739,-10.996302697635628
2023-10-01,117782.0,125671.0,172374.5,182975.58333333334,71.21142746190513,81.88298568199058,-10.671558220085444
2023-11-01,114426.0,127684.0,163219.83333333334,174272.0,67.42944763732984,77.98806496917045,-10.558617331840608
2023-12-01,104587.0,113769.0,156654.0,168423.0,64.71696775113075,75.37059232867354,-10.653624577542786
2024-01-01,138453.0,162282.0,150034.75,163021.5,61.98242034865987,72.9533793918221,-10.970959043162225
2024-02-01,115084.0,138765.0,142926.41666666666,158432.58333333334,59.045822629497756,70.8998037678658,-11.853981138368049
2024-03-01,107833.0,139224.0,135758.0,153219.08333333334,56.08440325786771,68.56672228193136,-12.48231902406365
2024-04-01,125713.0,175354.0,132928.33333333334,153447.5,54.915410149405005,68.66894050310309,-13.753530353698082
2024-05-01,130434.0,190607.0,128263.25,152125.0,52.98816891943532,68.07711154651955,-15.08894262708423
2024-06-01,114099.0,170319.0,121995.41666666667,148056.91666666666,50.39879892120486,66.25661285883592,-15.857813937631065
2024-07-01,119195.0,180550.0,119850.0,150336.5,49.51248346657615,67.27674399351412,-17.764260526937967
2024-08-01,107090.0,171084.0,117282.5,151941.5,48.45179676402768,67.99499388033196,-19.543197116304285
2024-09-01,107081.0,167241.0,116814.75,155212.5,48.25855968316418,69.45879162474388,-21.200231941579702
2024-10-01,102432.0,160291.0,115535.58333333333,158097.5,47.7301098005248,70.74985139014542,-23.019741589620622
2024-11-01,93821.0,136879.0,113818.5,158863.75,47.02074759649977,71.09275417878978,-24.07200658229001
2024-12-01,63746.0,84896.0,110415.08333333333,156457.66666666666,45.61472664165452,70.01601331782967,-24.401286676175154
2025-01-01,99301.0,149278.0,107152.41666666667,155374.0,44.266852387250836,69.53106412114332,-25.26421173389248
2025-02-01,110338.0,163164.0,106756.91666666667,157407.25,44.10346325741328,70.440959188042,-26.33749593062872
2025-03-01,113626.0,167809.0,107239.66666666667,159789.33333333334,44.30289714471816,71.50695986377865,-27.204062719060488
2025-04-01,96779.0,146972.0,104828.5,157424.16666666666,43.306794935969776,70.44852952693212,-27.141734590962344
2025-05-01,127778.0,181668.0,104607.16666666667,156679.25,43.215357614257066,70.11517356959752,-26.89981595534045
2025-06-01,103464.0,120613.0,103720.91666666667,152537.08333333334,42.84922963367923,68.26152201849848,-25.412292384819253
2025-07-01,96253.0,123786.0,101809.08333333333,147806.75,42.059412226023696,66.14466134480544,-24.085249118781746
2025-08-01,107442.0,162125.0,101838.41666666667,147060.16666666666,42.07153042528683,65.81055954127476,-23.739029115987925
2025-09-01,112129.0,170963.0,102259.08333333333,147370.33333333334,42.2453164192649,65.94936151836386,-23.704045099098956
2025-10-01,115963.0,166835.0,103386.66666666667,147915.66666666666,42.71114413014396,66.19340239371877,-23.482258263574813
2025-11-01,116431.0,157950.0,105270.83333333333,149671.58333333334,43.489531872585395,66.979188653591,-23.4896567810056
2025-12-01,57716.0,75058.0,104768.33333333333,148851.75,43.28193885679938,66.61230690974291,-23.330368052943534
2026-01-01,108677.0,155981.0,105549.66666666667,149410.33333333334,43.60472361899005,66.86227726235661,-23.257553643366563
2026-02-01,81068.0,135770.0,103110.5,147127.5,42.59705403821778,65.84069172759608,-23.243637689378303
2026-03-01,0.0,0.0,93641.66666666667,133143.41666666666,38.68528554539815,59.582706511759376,-20.897420966361224
2026-04-01,95319.0,151604.0,93520.0,133529.41666666666,38.63502255981812,59.75544449076977,-21.12042193095165
2026-05-01,106551.0,150949.0,91751.08333333333,130969.5,37.90424694686789,58.609862025912186,-20.705615079044293
2026-06-01,108240.0,94634.0,92149.08333333333,128804.58333333333,38.06866887777901,57.64104510952378,-19.57237623174477
