year,quintile,band,emp
2021,1.0,16-24,1060589.0
2021,1.0,25-34,1443204.0
2021,1.0,35-49,2092523.0
2021,1.0,50-64,2101074.0
2021,2.0,16-24,856555.0
2021,2.0,25-34,1513800.0
2021,2.0,35-49,2168393.0
2021,2.0,50-64,1971112.0
2021,3.0,16-24,822664.0
2021,3.0,25-34,1660838.0
2021,3.0,35-49,2436589.0
2021,3.0,50-64,2073146.0
2021,4.0,16-24,294181.0
2021,4.0,25-34,1180580.0
2021,4.0,35-49,2000665.0
2021,4.0,50-64,1357385.0
2021,5.0,16-24,640952.0
2021,5.0,25-34,1518905.0
2021,5.0,35-49,2018661.0
2021,5.0,50-64,1578922.0
2022,1.0,16-24,1057609.3333333333
2022,1.0,25-34,1422151.6666666667
2022,1.0,35-49,2036644.0
2022,1.0,50-64,2037396.3333333333
2022,2.0,16-24,966364.0
2022,2.0,25-34,1487555.0
2022,2.0,35-49,2239763.6666666665
2022,2.0,50-64,1980109.3333333333
2022,3.0,16-24,775074.6666666666
2022,3.0,25-34,1601753.3333333333
2022,3.0,35-49,2537121.0
2022,3.0,50-64,2171537.3333333335
2022,4.0,16-24,335248.3333333333
2022,4.0,25-34,1303957.6666666667
2022,4.0,35-49,2003689.6666666667
2022,4.0,50-64,1404030.3333333333
2022,5.0,16-24,604715.6666666666
2022,5.0,25-34,1603630.3333333333
2022,5.0,35-49,1982253.0
2022,5.0,50-64,1539875.3333333333
2023,1.0,16-24,1101848.5
2023,1.0,25-34,1404107.0
2023,1.0,35-49,2042843.25
2023,1.0,50-64,1985767.75
2023,2.0,16-24,892304.25
2023,2.0,25-34,1430975.0
2023,2.0,35-49,2199882.5
2023,2.0,50-64,1929273.0
2023,3.0,16-24,828255.0
2023,3.0,25-34,1573859.25
2023,3.0,35-49,2568105.25
2023,3.0,50-64,2234903.0
2023,4.0,16-24,339201.75
2023,4.0,25-34,1423264.5
2023,4.0,35-49,2163217.75
2023,4.0,50-64,1462711.5
2023,5.0,16-24,562731.75
2023,5.0,25-34,1707650.5
2023,5.0,35-49,1960622.0
2023,5.0,50-64,1630138.75
2024,1.0,16-24,1055937.0
2024,1.0,25-34,1418938.25
2024,1.0,35-49,2127404.5
2024,1.0,50-64,1988549.5
2024,2.0,16-24,925350.25
2024,2.0,25-34,1491977.25
2024,2.0,35-49,2279737.0
2024,2.0,50-64,1962886.5
2024,3.0,16-24,813159.0
2024,3.0,25-34,1612908.5
2024,3.0,35-49,2666869.5
2024,3.0,50-64,2251954.0
2024,4.0,16-24,326833.75
2024,4.0,25-34,1400363.25
2024,4.0,35-49,2160087.0
2024,4.0,50-64,1509146.0
2024,5.0,16-24,531631.25
2024,5.0,25-34,1607194.75
2024,5.0,35-49,1935570.25
2024,5.0,50-64,1597097.25
2025,1.0,16-24,1077395.25
2025,1.0,25-34,1447901.75
2025,1.0,35-49,2090833.25
2025,1.0,50-64,2021772.75
2025,2.0,16-24,989482.75
2025,2.0,25-34,1519255.75
2025,2.0,35-49,2322958.0
2025,2.0,50-64,1993636.75
2025,3.0,16-24,836687.25
2025,3.0,25-34,1617439.0
2025,3.0,35-49,2704761.75
2025,3.0,50-64,2300812.75
2025,4.0,16-24,326210.5
2025,4.0,25-34,1381535.5
2025,4.0,35-49,2211699.0
2025,4.0,50-64,1486258.0
2025,5.0,16-24,552334.75
2025,5.0,25-34,1619149.75
2025,5.0,35-49,2001242.75
2025,5.0,50-64,1538354.5
2026,1.0,16-24,991799.0
2026,1.0,25-34,1423707.0
2026,1.0,35-49,2125562.0
2026,1.0,50-64,2013044.0
2026,2.0,16-24,1018783.0
2026,2.0,25-34,1563712.0
2026,2.0,35-49,2312726.0
2026,2.0,50-64,2037276.0
2026,3.0,16-24,826566.0
2026,3.0,25-34,1594105.0
2026,3.0,35-49,2671398.0
2026,3.0,50-64,2307644.0
2026,4.0,16-24,306697.0
2026,4.0,25-34,1405928.0
2026,4.0,35-49,2257929.0
2026,4.0,50-64,1525373.0
2026,5.0,16-24,551706.0
2026,5.0,25-34,1622093.0
2026,5.0,35-49,2034475.0
2026,5.0,50-64,1510331.0
