date,bracket,quintile,idx
2021-09-30,22-30,1,82.39
2021-09-30,22-30,2,79.58
2021-09-30,22-30,3,82.79
2021-09-30,22-30,4,77.26
2021-09-30,22-30,5,79.7
2022-03-31,22-30,1,89.19
2022-03-31,22-30,2,86.51
2022-03-31,22-30,3,88.21
2022-03-31,22-30,4,80.09
2022-03-31,22-30,5,82.62
2022-06-30,22-30,1,95.04
2022-06-30,22-30,2,89.6
2022-06-30,22-30,3,91.01
2022-06-30,22-30,4,87.07
2022-06-30,22-30,5,86.25
2022-09-30,22-30,1,103.32
2022-09-30,22-30,2,96.57
2022-09-30,22-30,3,94.71
2022-09-30,22-30,4,92.73
2022-09-30,22-30,5,94.19
2022-12-31,22-30,1,100.0
2022-12-31,22-30,2,100.0
2022-12-31,22-30,3,100.0
2022-12-31,22-30,4,100.0
2022-12-31,22-30,5,100.0
2023-03-31,22-30,1,96.79
2023-03-31,22-30,2,99.86
2023-03-31,22-30,3,101.61
2023-03-31,22-30,4,105.91
2023-03-31,22-30,5,100.57
2023-06-30,22-30,1,94.59
2023-06-30,22-30,2,100.39
2023-06-30,22-30,3,101.51
2023-06-30,22-30,4,105.02
2023-06-30,22-30,5,97.1
2023-09-30,22-30,1,95.2
2023-09-30,22-30,2,92.96
2023-09-30,22-30,3,98.01
2023-09-30,22-30,4,98.15
2023-09-30,22-30,5,89.66
2023-12-31,22-30,1,98.68
2023-12-31,22-30,2,89.4
2023-12-31,22-30,3,97.32
2023-12-31,22-30,4,89.33
2023-12-31,22-30,5,80.83
2024-03-31,22-30,1,101.51
2024-03-31,22-30,2,85.61
2024-03-31,22-30,3,95.19
2024-03-31,22-30,4,82.44
2024-03-31,22-30,5,72.88
2024-06-30,22-30,1,96.19
2024-06-30,22-30,2,85.73
2024-06-30,22-30,3,97.97
2024-06-30,22-30,4,77.76
2024-06-30,22-30,5,67.64
2024-09-30,22-30,1,93.12
2024-09-30,22-30,2,90.22
2024-09-30,22-30,3,99.39
2024-09-30,22-30,4,77.99
2024-09-30,22-30,5,65.51
2024-12-31,22-30,1,89.57
2024-12-31,22-30,2,93.0
2024-12-31,22-30,3,97.01
2024-12-31,22-30,4,81.01
2024-12-31,22-30,5,66.1
2025-03-31,22-30,1,88.49
2025-03-31,22-30,2,92.86
2025-03-31,22-30,3,94.08
2025-03-31,22-30,4,81.27
2025-03-31,22-30,5,69.39
2025-06-30,22-30,1,88.83
2025-06-30,22-30,2,90.6
2025-06-30,22-30,3,89.52
2025-06-30,22-30,4,79.2
2025-06-30,22-30,5,72.42
2025-09-30,22-30,1,89.11
2025-09-30,22-30,2,87.43
2025-09-30,22-30,3,88.06
2025-09-30,22-30,4,79.84
2025-09-30,22-30,5,74.11
2025-12-31,22-30,1,90.92
2025-12-31,22-30,2,86.86
2025-12-31,22-30,3,86.3
2025-12-31,22-30,4,80.28
2025-12-31,22-30,5,72.93
2026-03-31,22-30,1,85.38
2026-03-31,22-30,2,89.76
2026-03-31,22-30,3,85.51
2026-03-31,22-30,4,77.77
2026-03-31,22-30,5,72.45
2021-09-30,31-40,1,75.64
2021-09-30,31-40,2,80.62
2021-09-30,31-40,3,79.7
2021-09-30,31-40,4,79.02
2021-09-30,31-40,5,86.39
2022-03-31,31-40,1,87.59
2022-03-31,31-40,2,86.99
2022-03-31,31-40,3,86.13
2022-03-31,31-40,4,79.87
2022-03-31,31-40,5,91.94
2022-06-30,31-40,1,89.92
2022-06-30,31-40,2,88.97
2022-06-30,31-40,3,88.78
2022-06-30,31-40,4,82.67
2022-06-30,31-40,5,93.33
2022-09-30,31-40,1,95.03
2022-09-30,31-40,2,98.33
2022-09-30,31-40,3,96.72
2022-09-30,31-40,4,92.05
2022-09-30,31-40,5,99.71
2022-12-31,31-40,1,100.0
2022-12-31,31-40,2,100.0
2022-12-31,31-40,3,100.0
2022-12-31,31-40,4,100.0
2022-12-31,31-40,5,100.0
2023-03-31,31-40,1,96.03
2023-03-31,31-40,2,100.6
2023-03-31,31-40,3,101.91
2023-03-31,31-40,4,107.46
2023-03-31,31-40,5,99.72
2023-06-30,31-40,1,94.33
2023-06-30,31-40,2,101.6
2023-06-30,31-40,3,103.31
2023-06-30,31-40,4,111.42
2023-06-30,31-40,5,101.41
2023-09-30,31-40,1,91.58
2023-09-30,31-40,2,99.17
2023-09-30,31-40,3,107.05
2023-09-30,31-40,4,106.43
2023-09-30,31-40,5,103.38
2023-12-31,31-40,1,89.06
2023-12-31,31-40,2,100.0
2023-12-31,31-40,3,109.04
2023-12-31,31-40,4,98.88
2023-12-31,31-40,5,102.41
2024-03-31,31-40,1,90.17
2024-03-31,31-40,2,100.25
2024-03-31,31-40,3,108.21
2024-03-31,31-40,4,93.52
2024-03-31,31-40,5,96.98
2024-06-30,31-40,1,89.16
2024-06-30,31-40,2,99.53
2024-06-30,31-40,3,106.22
2024-06-30,31-40,4,92.38
2024-06-30,31-40,5,90.53
2024-09-30,31-40,1,86.98
2024-09-30,31-40,2,98.63
2024-09-30,31-40,3,100.92
2024-09-30,31-40,4,94.62
2024-09-30,31-40,5,84.54
2024-12-31,31-40,1,86.09
2024-12-31,31-40,2,93.74
2024-12-31,31-40,3,93.25
2024-12-31,31-40,4,95.0
2024-12-31,31-40,5,77.94
2025-03-31,31-40,1,77.76
2025-03-31,31-40,2,88.33
2025-03-31,31-40,3,88.86
2025-03-31,31-40,4,94.68
2025-03-31,31-40,5,77.0
2025-06-30,31-40,1,73.96
2025-06-30,31-40,2,84.43
2025-06-30,31-40,3,84.65
2025-06-30,31-40,4,93.94
2025-06-30,31-40,5,76.05
2025-09-30,31-40,1,77.03
2025-09-30,31-40,2,79.03
2025-09-30,31-40,3,83.32
2025-09-30,31-40,4,94.33
2025-09-30,31-40,5,74.13
2025-12-31,31-40,1,75.23
2025-12-31,31-40,2,77.72
2025-12-31,31-40,3,86.27
2025-12-31,31-40,4,92.28
2025-12-31,31-40,5,76.14
2026-03-31,31-40,1,78.24
2026-03-31,31-40,2,77.39
2026-03-31,31-40,3,88.13
2026-03-31,31-40,4,91.79
2026-03-31,31-40,5,75.13
2021-09-30,41-50,1,69.76
2021-09-30,41-50,2,81.9
2021-09-30,41-50,3,78.22
2021-09-30,41-50,4,71.16
2021-09-30,41-50,5,82.35
2022-03-31,41-50,1,83.48
2022-03-31,41-50,2,85.42
2022-03-31,41-50,3,86.47
2022-03-31,41-50,4,82.07
2022-03-31,41-50,5,85.81
2022-06-30,41-50,1,87.45
2022-06-30,41-50,2,89.19
2022-06-30,41-50,3,88.76
2022-06-30,41-50,4,87.83
2022-06-30,41-50,5,89.15
2022-09-30,41-50,1,97.76
2022-09-30,41-50,2,93.94
2022-09-30,41-50,3,94.3
2022-09-30,41-50,4,97.18
2022-09-30,41-50,5,97.87
2022-12-31,41-50,1,100.0
2022-12-31,41-50,2,100.0
2022-12-31,41-50,3,100.0
2022-12-31,41-50,4,100.0
2022-12-31,41-50,5,100.0
2023-03-31,41-50,1,92.85
2023-03-31,41-50,2,102.8
2023-03-31,41-50,3,101.93
2023-03-31,41-50,4,94.13
2023-03-31,41-50,5,98.43
2023-06-30,41-50,1,88.24
2023-06-30,41-50,2,103.96
2023-06-30,41-50,3,106.01
2023-06-30,41-50,4,92.16
2023-06-30,41-50,5,95.42
2023-09-30,41-50,1,82.4
2023-09-30,41-50,2,107.1
2023-09-30,41-50,3,108.67
2023-09-30,41-50,4,93.6
2023-09-30,41-50,5,94.83
2023-12-31,41-50,1,82.26
2023-12-31,41-50,2,104.17
2023-12-31,41-50,3,110.09
2023-12-31,41-50,4,91.06
2023-12-31,41-50,5,91.29
2024-03-31,41-50,1,82.28
2024-03-31,41-50,2,101.54
2024-03-31,41-50,3,104.94
2024-03-31,41-50,4,90.69
2024-03-31,41-50,5,90.88
2024-06-30,41-50,1,82.16
2024-06-30,41-50,2,100.76
2024-06-30,41-50,3,102.11
2024-06-30,41-50,4,84.09
2024-06-30,41-50,5,88.56
2024-09-30,41-50,1,87.0
2024-09-30,41-50,2,96.9
2024-09-30,41-50,3,96.74
2024-09-30,41-50,4,73.73
2024-09-30,41-50,5,82.44
2024-12-31,41-50,1,85.23
2024-12-31,41-50,2,95.28
2024-12-31,41-50,3,89.35
2024-12-31,41-50,4,73.9
2024-12-31,41-50,5,80.61
2025-03-31,41-50,1,82.04
2025-03-31,41-50,2,95.2
2025-03-31,41-50,3,90.64
2025-03-31,41-50,4,72.21
2025-03-31,41-50,5,80.07
2025-06-30,41-50,1,77.52
2025-06-30,41-50,2,94.77
2025-06-30,41-50,3,90.04
2025-06-30,41-50,4,73.79
2025-06-30,41-50,5,80.86
2025-09-30,41-50,1,72.09
2025-09-30,41-50,2,94.65
2025-09-30,41-50,3,90.93
2025-09-30,41-50,4,77.59
2025-09-30,41-50,5,82.18
2025-12-31,41-50,1,67.52
2025-12-31,41-50,2,93.33
2025-12-31,41-50,3,95.08
2025-12-31,41-50,4,77.42
2025-12-31,41-50,5,83.8
2026-03-31,41-50,1,69.69
2026-03-31,41-50,2,89.8
2026-03-31,41-50,3,91.78
2026-03-31,41-50,4,80.17
2026-03-31,41-50,5,85.74
2021-09-30,51-64,1,78.88
2021-09-30,51-64,2,80.48
2021-09-30,51-64,3,76.33
2021-09-30,51-64,4,80.06
2021-09-30,51-64,5,76.34
2022-03-31,51-64,1,85.3
2022-03-31,51-64,2,85.43
2022-03-31,51-64,3,85.41
2022-03-31,51-64,4,87.58
2022-03-31,51-64,5,82.15
2022-06-30,51-64,1,88.8
2022-06-30,51-64,2,90.5
2022-06-30,51-64,3,89.1
2022-06-30,51-64,4,91.5
2022-06-30,51-64,5,87.21
2022-09-30,51-64,1,98.29
2022-09-30,51-64,2,97.99
2022-09-30,51-64,3,96.33
2022-09-30,51-64,4,96.81
2022-09-30,51-64,5,96.42
2022-12-31,51-64,1,100.0
2022-12-31,51-64,2,100.0
2022-12-31,51-64,3,100.0
2022-12-31,51-64,4,100.0
2022-12-31,51-64,5,100.0
2023-03-31,51-64,1,97.44
2023-03-31,51-64,2,100.96
2023-03-31,51-64,3,96.27
2023-03-31,51-64,4,102.4
2023-03-31,51-64,5,104.71
2023-06-30,51-64,1,92.13
2023-06-30,51-64,2,98.01
2023-06-30,51-64,3,92.95
2023-06-30,51-64,4,102.15
2023-06-30,51-64,5,105.64
2023-09-30,51-64,1,85.68
2023-09-30,51-64,2,93.31
2023-09-30,51-64,3,89.45
2023-09-30,51-64,4,101.65
2023-09-30,51-64,5,102.36
2023-12-31,51-64,1,82.22
2023-12-31,51-64,2,91.51
2023-12-31,51-64,3,91.25
2023-12-31,51-64,4,98.71
2023-12-31,51-64,5,99.04
2024-03-31,51-64,1,79.76
2024-03-31,51-64,2,83.49
2024-03-31,51-64,3,93.93
2024-03-31,51-64,4,92.19
2024-03-31,51-64,5,90.35
2024-06-30,51-64,1,80.58
2024-06-30,51-64,2,81.32
2024-06-30,51-64,3,96.75
2024-06-30,51-64,4,90.62
2024-06-30,51-64,5,82.02
2024-09-30,51-64,1,84.2
2024-09-30,51-64,2,82.25
2024-09-30,51-64,3,97.93
2024-09-30,51-64,4,90.15
2024-09-30,51-64,5,79.59
2024-12-31,51-64,1,83.9
2024-12-31,51-64,2,81.58
2024-12-31,51-64,3,95.48
2024-12-31,51-64,4,92.62
2024-12-31,51-64,5,79.81
2025-03-31,51-64,1,84.56
2025-03-31,51-64,2,85.19
2025-03-31,51-64,3,92.88
2025-03-31,51-64,4,93.6
2025-03-31,51-64,5,79.22
2025-06-30,51-64,1,84.14
2025-06-30,51-64,2,82.61
2025-06-30,51-64,3,91.03
2025-06-30,51-64,4,95.27
2025-06-30,51-64,5,80.94
2025-09-30,51-64,1,81.39
2025-09-30,51-64,2,78.18
2025-09-30,51-64,3,89.2
2025-09-30,51-64,4,97.99
2025-09-30,51-64,5,79.89
2025-12-31,51-64,1,80.7
2025-12-31,51-64,2,76.07
2025-12-31,51-64,3,89.45
2025-12-31,51-64,4,95.98
2025-12-31,51-64,5,78.4
2026-03-31,51-64,1,80.25
2026-03-31,51-64,2,76.48
2026-03-31,51-64,3,91.22
2026-03-31,51-64,4,99.33
2026-03-31,51-64,5,81.55
