date,Q1,Q2,Q3,Q4,Q5
2021-03-31,13.58,10.79,11.06,6.03,11.26
2021-09-30,15.15,12.63,11.2,5.91,10.64
2022-03-31,15.58,13.32,10.77,5.75,10.22
2022-06-30,15.09,13.69,10.38,5.86,9.95
2022-09-30,15.68,14.04,10.45,6.21,10.11
2022-12-31,15.4,13.94,10.39,7.21,10.35
2023-03-31,16.21,13.63,10.65,6.56,9.95
2023-06-30,16.14,13.19,11.07,6.0,9.16
2023-09-30,16.3,12.49,11.07,5.48,9.06
2023-12-31,15.54,13.62,10.98,6.41,8.59
2024-03-31,15.36,13.16,10.76,5.57,9.16
2024-06-30,14.64,13.64,10.71,5.74,8.54
2024-09-30,15.21,13.42,9.92,5.98,9.09
2024-12-31,15.71,12.82,10.57,6.24,9.02
2025-03-31,15.32,13.22,10.24,6.25,9.01
2025-06-30,14.93,13.82,10.77,5.9,8.75
2025-09-30,15.58,14.12,10.59,5.68,9.82
2025-12-31,15.42,14.13,10.79,5.49,9.31
2026-03-31,14.23,13.97,10.53,5.36,9.16
