date,onsite_Q1,onsite_Q5,home_Q1,home_Q5
2021-03-31,,,,
2021-09-30,92.17,129.85,82.97,62.51
2022-03-31,94.77,113.74,95.93,78.96
2022-06-30,96.67,110.32,95.75,84.35
2022-09-30,100.22,101.87,113.42,92.45
2022-12-31,100.0,100.0,100.0,100.0
2023-03-31,100.18,104.97,84.77,97.46
2023-06-30,98.81,101.81,87.51,97.29
2023-09-30,99.05,98.91,65.67,98.53
2023-12-31,96.85,89.93,75.28,96.99
2024-03-31,97.23,85.5,85.48,93.43
2024-06-30,97.47,86.41,86.44,88.7
2024-09-30,97.29,84.76,99.64,84.51
2024-12-31,99.54,89.11,98.53,81.36
2025-03-31,100.51,93.34,91.01,77.66
2025-06-30,100.43,94.87,88.68,74.19
2025-09-30,101.1,100.35,80.46,70.63
2025-12-31,102.77,103.12,74.94,67.77
2026-03-31,99.6,105.04,84.26,65.33
