title,exposure,auto,type,emp_base,emp_latest,chg_pct
Taxation experts,0.5015,0.3671485996418317,augmentation,67800.0,38000.0,-43.95280235988201
Shopkeepers and owners - retail and wholesale,0.3964,0.2290322580645161,augmentation,83600.0,68900.0,-17.583732057416267
Database administrators and web content technicians,0.5071,0.3530201293088567,augmentation,64600.0,54100.0,-16.253869969040245
"Chartered architectural technologists, planning officers and consultants",0.4163,0.3099315824321341,augmentation,62400.0,52500.0,-15.865384615384615
Call and contact centre occupations,0.505,0.3740999199371614,augmentation,98400.0,83400.0,-15.243902439024392
Medical secretaries,0.5319,0.6126514760390454,automation,79300.0,67800.0,-14.501891551071877
Other vocational and industrial trainers,0.3975,0.2653194263363754,augmentation,178600.0,156100.0,-12.597984322508394
Finance and investment analysts and advisers,0.5608,0.312031408945555,augmentation,300100.0,263100.0,-12.329223592135952
Buyers and procurement officers,0.396,0.3594196332928657,augmentation,74700.0,65800.0,-11.914323962516738
"Actuaries, economists and statisticians",0.549,0.3087022532872184,augmentation,84600.0,76100.0,-10.047281323877066
"Marketing, sales and advertising directors",0.4231,0.2419487818800828,augmentation,277600.0,256000.0,-7.78097982708934
IT project managers,0.4486,0.3287591130728386,augmentation,112100.0,103600.0,-7.582515611061558
Legal professionals n.e.c.,0.3708,0.3514292301569809,augmentation,85500.0,80600.0,-5.730994152046787
Research and development (R&D) managers,0.4288,0.2034386503152113,augmentation,96900.0,92400.0,-4.643962848297212
Managers in storage and warehousing,0.3942,0.2692384060717581,augmentation,73700.0,70400.0,-4.477611940298509
Brokers,0.6128,0.191312161745683,augmentation,66300.0,64900.0,-2.1116138763197623
Information technology professionals n.e.c.,0.4871,0.2972505414033848,augmentation,135300.0,134100.0,-0.8869179600886956
Retail cashiers and check-out operators,0.4056,0.2363036751260875,augmentation,137000.0,139000.0,1.4598540145985384
National government administrative occupations,0.5837,0.6961305412537382,automation,219300.0,229200.0,4.514363885088923
Events managers and organisers,0.4629,0.3598125278976343,augmentation,91500.0,96000.0,4.918032786885251
Managers and directors in retail and wholesale,0.4317,0.2290322580645161,augmentation,287700.0,302100.0,5.005213764337846
Programmers and software development professionals,0.5544,0.3151677138378073,augmentation,512600.0,544500.0,6.22317596566524
Local government administrative occupations,0.5837,0.6961305412537382,automation,140500.0,149500.0,6.4056939501779375
Biochemists and biomedical scientists,0.4188,0.1815012279318252,augmentation,63200.0,67400.0,6.645569620253156
Information technology directors,0.4486,0.3287591130728386,augmentation,177000.0,190700.0,7.74011299435029
Managers in transport and distribution,0.3942,0.2692384060717581,augmentation,81000.0,88100.0,8.765432098765435
Public relations professionals,0.4381,0.2860491099910714,augmentation,68400.0,78800.0,15.204678362573109
Purchasing managers and directors,0.3942,0.2692384060717581,augmentation,60000.0,69400.0,15.666666666666673
Chartered and certified accountants,0.5015,0.3671485996418317,augmentation,211200.0,246500.0,16.71401515151516
IT managers,0.4486,0.3287591130728386,augmentation,228300.0,269800.0,18.17783618046429
Architects,0.385,0.1844610653507021,augmentation,50800.0,60600.0,19.291338582677177
IT user support technicians,0.4683,0.3678347842669257,augmentation,102400.0,124400.0,21.484375
"Other researchers, unspecified discipline",0.4188,0.1815012279318252,augmentation,62000.0,75500.0,21.7741935483871
Business sales executives,0.4693,0.2682889086088846,augmentation,129500.0,161300.0,24.555984555984555
"IT business analysts, architects and systems designers",0.4871,0.2972505414033848,augmentation,162000.0,203000.0,25.308641975308642
Sales accounts and business development managers,0.4231,0.2419487818800828,augmentation,288200.0,366700.0,27.2380291464261
"Sports coaches, instructors and officials",0.3655,0.2822441699181303,augmentation,85400.0,116600.0,36.53395784543325
Financial managers and directors,0.4886,0.2864552230314502,augmentation,320700.0,438900.0,36.85687558465855
Environment professionals,0.3746,0.3316471263964953,augmentation,53500.0,82200.0,53.64485981308411
Health services and public health managers and directors,0.378,0.210375816993464,augmentation,56600.0,88100.0,55.65371024734982
