date,band,Q1,Q2,Q3,Q4,Q5
2021-03-31,22-25,,,,,
2021-09-30,22-25,91.93,89.25,106.55,107.16,106.71
2022-03-31,22-25,94.8,95.11,104.17,105.62,101.79
2022-06-30,22-25,96.65,96.14,101.54,103.71,101.39
2022-09-30,22-25,100.56,99.44,99.04,99.05,98.63
2022-12-31,22-25,100.0,100.0,100.0,100.0,100.0
2023-03-31,22-25,99.79,95.57,102.04,100.85,102.39
2023-06-30,22-25,98.52,93.06,104.48,105.07,100.25
2023-09-30,22-25,98.2,88.44,104.58,109.2,98.78
2023-12-31,22-25,96.3,88.24,104.06,114.39,92.36
2024-03-31,22-25,96.93,88.3,101.7,114.67,88.23
2024-06-30,22-25,97.19,90.97,104.63,112.18,87.2
2024-09-30,22-25,97.35,95.74,104.53,107.71,84.67
2024-12-31,22-25,99.51,95.68,106.54,99.75,86.45
2025-03-31,22-25,100.27,98.11,107.72,100.1,87.95
2025-06-30,22-25,100.13,98.23,107.38,100.42,87.76
2025-09-30,22-25,100.58,95.04,107.72,106.25,90.14
2025-12-31,22-25,102.07,97.72,106.21,111.59,90.97
2026-03-31,22-25,99.21,99.7,106.29,110.23,91.39
2021-03-31,35-49,,,,,
2021-09-30,35-49,100.76,97.93,98.25,99.62,98.68
2022-03-31,35-49,100.66,98.51,98.24,99.37,99.02
2022-06-30,35-49,100.18,99.22,98.76,99.23,99.31
2022-09-30,35-49,100.47,99.77,98.89,99.03,100.41
2022-12-31,35-49,100.0,100.0,100.0,100.0,100.0
2023-03-31,35-49,99.77,99.4,100.72,102.16,100.12
2023-06-30,35-49,99.89,98.62,100.46,105.19,100.16
2023-09-30,35-49,99.49,98.01,100.46,107.89,100.1
2023-12-31,35-49,100.15,98.33,101.83,108.37,99.01
2024-03-31,35-49,101.37,98.76,103.0,108.32,98.14
2024-06-30,35-49,102.73,98.82,104.88,107.69,97.12
2024-09-30,35-49,104.48,100.14,106.46,106.93,97.1
2024-12-31,35-49,104.3,101.9,105.74,108.21,97.74
2025-03-31,35-49,103.28,103.55,106.37,108.52,98.74
2025-06-30,35-49,102.85,104.83,106.6,109.19,99.92
2025-09-30,35-49,102.46,104.28,106.41,110.92,100.08
2025-12-31,35-49,102.5,103.83,107.24,110.79,101.06
2026-03-31,35-49,103.46,103.27,106.66,111.93,101.57
