,exposure,size,cum_share,quintile
5313,0.084,564.6237623762377,0.0006681152068765825,1
9112,0.0844,397.86138613861385,0.0011389017022757546,1
9226,0.0879,619.6831683168317,0.0018721683052531433,1
8159,0.0907,2378.4455445544554,0.004686565684415878,1
9119,0.0911,913.31,0.005767278789766634,1
9222,0.0912,157.95049504950495,0.005954180466083153,1
8152,0.092,433.82,0.006467516528716065,1
8153,0.092,117.35353535353535,0.006606380116781245,1
9121,0.092,21.81188118811881,0.006632189957746911,1
5322,0.0938,409.3762376237624,0.007116601893474305,1
9129,0.0978,3732.4158415841584,0.011533142514532625,1
9229,0.1,173.08,0.011737946824431902,1
9223,0.1,9984.12,0.023552083677630266,1
9262,0.1,68.59,0.02363324572764177,1
5312,0.1003,189.41584158415841,0.023857380120521566,1
5321,0.1043,454.16831683168317,0.024394794199021852,1
9111,0.1091,1129.7128712871288,0.025731575253957667,1
9221,0.1127,180.35643564356437,0.025944989717430474,1
5235,0.1133,160.87878787878788,0.0261353564214341,1
5311,0.1133,133.66666666666666,0.02629352321958064,1
5419,0.1135,161.9108910891089,0.02648511120383464,1
9263,0.1142,10562.683168316831,0.03898385766195713,1
9261,0.1142,1635.9405940594058,0.040919654313231406,1
5433,0.1156,45.227722772277225,0.04097317194987742,1
5431,0.1156,227.20792079207922,0.04124202543625061,1
5233,0.1183,177.25252525252526,0.04145176706504797,1
9139,0.1225,1973.9405940594058,0.04378751666724641,1
9131,0.1225,1078.4752475247524,0.04506366861324109,1
5317,0.1237,416.8686868686869,0.04555694630987131,1
8151,0.1242,298.2079207920792,0.045909813581793656,1
5314,0.1242,324.990099009901,0.046294372011143205,1
5316,0.125,2278.3168316831684,0.04899028780987662,1
3413,0.1263,432.5742574257426,0.0495021497943478,1
3314,0.1307,475.56,0.05006487649654158,1
8229,0.1343,2541.940594059406,0.053072736383133305,1
9259,0.135,615.4257425742575,0.053800965205077905,1
9252,0.135,11107.524752475247,0.06694441876192928,1
9251,0.135,1137.8217821782177,0.06829079503236707,1
8239,0.135,934.0,0.0693959904648025,1
8233,0.135,153.07920792079207,0.06957712798235592,1
9253,0.135,926.93,0.07067395753501907,1
5323,0.136,1280.6633663366338,0.07218935721699192,1
5319,0.1369,1780.3939393939395,0.07429608446512244,1
5443,0.1375,53.86,0.07435981661286438,1
6121,0.1379,172.51,0.07456394644589376,1
3240,0.138,783.2376237623762,0.0754907458509192,1
6131,0.1383,10616.65,0.08805335086994025,1
2253,0.1393,962.4747474747475,0.0891922402647406,1
5213,0.1431,1743.5151515151515,0.09125532911038997,1
6138,0.1447,321.51,0.09163576956379717,1
2240,0.145,1369.950495049505,0.09325682205822047,1
6129,0.147,824.1188118811881,0.09423199587693054,1
9224,0.15,1732.930693069307,0.09628256020959368,1
8146,0.1506,390.7524752475247,0.09674493478224509,1
5249,0.1542,2519.438775510204,0.09972616842999092,1
6133,0.1544,1566.1287128712872,0.10157935718809727,1
5432,0.1581,335.9306930693069,0.10197686154312412,1
8232,0.1583,399.2970297029703,0.10244934682515063,1
5413,0.1588,240.97029702970298,0.10273448523160655,1
5212,0.1596,347.6363636363636,0.1031458408217986,1
3312,0.1613,169.05,0.10334587646189841,1
8112,0.1616,1675.06,0.10532796282277132,1
5442,0.1629,330.1089108910891,0.10571857830513005,1
2463,0.1671,389.14,0.1061790448475047,1
8111,0.1693,4114.019801980198,0.11104713466987885,1
3313,0.17,335.76237623762376,0.11144443985681834,1
5412,0.1704,253.83,0.11174479505662036,1
6221,0.1713,667.009900990099,0.11253406303945063,1
5315,0.173,3802.747474747475,0.11703382657242312,1
5214,0.173,223.23469387755102,0.11729797856817749,1
8132,0.1739,1970.881188118812,0.11963010799749423,1
8119,0.1755,301.55445544554453,0.11998693519962374,1
6222,0.1762,1288.3762376237623,0.12151146146630482,1
5449,0.1765,979.4950495049505,0.12267049086117206,1
8212,0.1771,897.7722772277227,0.1237328182917494,1
5411,0.1781,141.8910891089109,0.12390071698937945,1
5114,0.1783,699.3267326732673,0.12472822524497953,1
5112,0.1783,171.15841584158414,0.12493075575826754,1
5113,0.1783,754.1386138613861,0.12582312251572236,1
8114,0.1786,283.11224489795916,0.12615812718373923,1
9225,0.1792,525.05,0.12677941504433904,1
5111,0.18,134.56,0.12693863891734603,1
8234,0.18,247.990099009901,0.12723208380462112,1
5246,0.1804,2714.373737373737,0.13044398258028297,1
5241,0.1804,4535.818181818182,0.13581118336925838,1
8221,0.1817,1119.7857142857142,0.13713621769124448,1
8145,0.1822,421.1287128712871,0.13763453624577635,1
5231,0.1822,7616.818181818182,0.14664746201048365,1
5435,0.1823,992.4752475247525,0.14782185077961596,1
5441,0.1823,396.74257425742576,0.1482913133930228,1
8215,0.1833,813.3265306122449,0.1492537167835059,1
6111,0.1847,4441.67,0.1545095127111135,1
6117,0.1847,539.2,0.15514754416418544,1
3232,0.1847,3138.9,0.1588617817903863,1
6116,0.1847,890.06,0.15991498333920157,1
6114,0.1847,660.8080808080808,0.16069691275314751,1
3213,0.186,1705.7821782178219,0.16271535244489926,1
5236,0.1864,90.44444444444444,0.16282237470066924,1
5223,0.1864,11135.464646464647,0.17599888933163174,1
5221,0.1883,2472.3367346938776,0.17892438747577094,1
8120,0.1883,1143.14,0.1802770567548226,1
3214,0.1905,370.2475247524753,0.18071516796812773,1
5234,0.1908,159.78787878787878,0.18090424380730857,1
3319,0.1925,1370.118811881188,0.18252549546981922,1
6311,0.1925,43.84158415841584,0.18257737289868714,1
2229,0.1925,1189.85,0.1839853137822881,1
2222,0.1925,2320.64,0.18673131027942622,1
2259,0.1925,3884.65,0.19132798847708177,1
2256,0.1925,231.16,0.19160151843014578,1
5222,0.1936,303.25252525252523,0.19196035494597405,1
8231,0.195,166.45544554455446,0.1921573204685863,1
3414,0.1954,2198.438775510204,0.1947587171422296,1
5211,0.1957,275.90909090909093,0.19508519837032395,1
5232,0.1957,1027.4545454545455,0.19630097788924408,1
2255,0.1958,279.35,0.19663153072013365,1
6132,0.1958,577.43,0.19731479945519917,1
9231,0.205,4563.89,0.20271521742322676,2
8222,0.206,1775.6969696969697,0.20481638678114808,2
6240,0.209,2079.138613861386,0.2072766164379358,2
9241,0.2094,374.85,0.20772017372685275,2
9249,0.2094,144.69306930693068,0.20789138798734855,2
5243,0.2107,202.3469387755102,0.2081308236538389,2
5244,0.2107,612.3737373737374,0.2088554410601439,2
5225,0.2112,902.6969696969697,0.20992359584363682,2
5423,0.2114,306.64356435643566,0.210286444951466,2
3431,0.2127,208.75247524752476,0.21053346024285052,2
6219,0.2177,221.31683168316832,0.2107953428461667,2
6213,0.2177,241.66336633663366,0.21108130135651168,2
5224,0.219,566.6732673267327,0.21175184172774592,2
6211,0.22,1019.6633663366337,0.21295840200086902,2
8133,0.2214,692.704081632653,0.21377807372147908,2
3211,0.2225,381.44554455445547,0.2142294354704774,2
6231,0.2257,2298.72,0.21694949419044313,2
3411,0.2264,197.5148514851485,0.21718321208305505,2
2315,0.2272,1883.8163265306123,0.21941231829250787,2
9132,0.2283,1270.1089108910892,0.22091522896382734,2
3581,0.2317,765.8775510204082,0.2218214863205646,2
2223,0.2353,975.81,0.2229761552230537,2
8141,0.2375,520.1836734693877,0.22359168479473018,2
6214,0.2405,420.23,0.22408893990883336,2
3119,0.242,2895.765306122449,0.22751547801347097,2
3115,0.242,1689.438775510204,0.22951457867521957,2
9233,0.2421,355.3061224489796,0.22993500983544116,2
9232,0.2421,1061.1,0.23119060177693715,2
6112,0.2421,8233.724489795919,0.24093350830590313,2
3231,0.2421,1565.32,0.24278574011992865,2
6113,0.2421,6257.959183673469,0.25019073787813345,2
2236,0.245,964.74,0.2513323077298334,2
2237,0.245,13541.35,0.2673556890671028,2
2235,0.245,1778.85,0.2694605893829355,2
2233,0.245,1724.52,0.2715012014034318,2
2234,0.245,2270.52,0.2741878912677287,2
2232,0.245,2462.56,0.27710182067254474,2
8135,0.2456,479.5742574257426,0.27766929741646396,2
5422,0.2456,413.66336633663366,0.2781587822805337,2
5434,0.246,10238.653465346535,0.29027410673898146,2
2254,0.2462,1190.32,0.2916826037701769,2
8211,0.2467,6446.85,0.2993111146626784,2
3433,0.2467,1891.85,0.30154972705973726,2
6232,0.2487,1204.38,0.30297486118705697,2
6137,0.2508,366.63,0.3034086918095343,2
6134,0.2508,1431.7623762376238,0.3051028858550918,2
6136,0.2508,4361.96,0.31026436151726106,2
6135,0.2508,19926.67,0.3338434457438651,2
2252,0.2529,1097.49,0.3351420977086869,2
8219,0.2537,1769.019801980198,0.33723536602243026,2
8213,0.2537,563.8514851485148,0.3379025673992591,2
8214,0.2537,8341.910891089108,0.34777349011297976,2
1212,0.2603,306.76237623762376,0.34813647981004703,2
1211,0.2603,231.45544554455446,0.3484103593616832,2
3415,0.2607,190.87128712871288,0.34863621597273,2
8113,0.2617,926.3465346534654,0.3497323551150762,2
9264,0.2643,3614.4257425742576,0.3540092789069072,2
2314,0.2695,4833.151515151515,0.3597283120748021,2
2316,0.2718,3118.469387755102,0.3634183743055694,2
9266,0.272,1271.1881188118812,0.3649225619958018,2
9265,0.272,3471.2178217821784,0.3690300288926135,2
2212,0.2738,5496.79,0.37553434067104685,2
2221,0.2743,2132.19,0.3780573456486534,2
2231,0.2744,441.7,0.37858000605818953,2
8115,0.275,2293.316326530612,0.38129367065049274,2
2211,0.275,1219.76,0.3827370038203723,2
3111,0.2767,1277.68,0.3842488733065758,2
8134,0.2775,707.6122448979592,0.38508618574875636,2
3114,0.2794,577.5555555555555,0.385769603052801,2
2313,0.28,7025.673469387755,0.3940830315625978,2
8131,0.2819,733.1616161616162,0.39495057639066933,2
2483,0.2825,181.27,0.39516507186822564,2
3582,0.2825,3013.5858585858587,0.3987310261788906,2
8144,0.2828,431.67,0.3992418181621019,2
8143,0.2828,2350.1717171717173,0.4020227593261888,3
3113,0.285,3027.5353535353534,0.4056052199731525,3
3512,0.2881,255.86,0.40590797725724553,3
3219,0.2881,362.13,0.4063364830623289,3
2462,0.2891,142.87,0.4065055400981234,3
2461,0.2891,3909.87,0.41113206093904026,3
2464,0.2891,108.22772277227723,0.4112601260192017,3
2469,0.2891,626.11,0.4120009974455423,3
3224,0.2891,482.91,0.4125724213494795,3
5330,0.2917,861.979797979798,0.4135923957987075,3
9267,0.2969,1894.5,0.41583414392156504,3
9269,0.2969,745.8910891089109,0.41671675144274,3
6312,0.2969,316.9,0.4170917369165503,3
2121,0.2971,2616.848484848485,0.4201882347675462,3
3511,0.2979,91.08910891089108,0.4202960198501082,3
8149,0.302,1059.3737373737374,0.42154956911754665,3
8142,0.302,694.4257425742575,0.42237127806707414,3
2123,0.3033,1391.3737373737374,0.4240176805289115,3
7124,0.3036,177.8019801980198,0.4242280723237646,3
7132,0.3081,1588.04,0.4261071885491658,3
1224,0.3094,1375.3168316831684,0.42773459099084443,3
1112,0.31,764.8787878787879,0.428639666518393,3
2251,0.3147,2165.76,0.4312023946337585,3
1233,0.3156,15.22,0.4312204043494776,3
2324,0.3156,1143.52,0.4325735232797759,3
2481,0.3206,639.7227722772277,0.43333050260091693,3
2453,0.3206,3921.2448979591836,0.4379704832761688,3
2129,0.3206,4319.20202020202,0.44308136373065826,3
2127,0.3206,1703.7878787878788,0.4450974435823448,3
3212,0.3321,904.84,0.4461681341980674,3
7114,0.3321,2073.7128712871286,0.4486219436129808,3
2319,0.3337,2258.204081632653,0.45129406014031215,3
2317,0.3356,2977.2755102040815,0.45481704867883405,3
9211,0.3375,1246.79,0.45629236625185987,3
2126,0.3396,144.2871287128713,0.4564631001657921,3
2122,0.3396,2802.010101010101,0.45977869841555047,3
5436,0.34,2679.6534653465346,0.46294951294489817,3
1222,0.34,1380.1980198019803,0.46458269126110974,3
1122,0.3414,3561.6428571428573,0.46879715744706324,3
2455,0.3414,1182.5858585858587,0.4701965027247632,3
2312,0.3415,224.01,0.47046157213463463,3
4133,0.342,3086.5841584158416,0.47411390480455834,3
2411,0.3435,188.75,0.4743372513119161,3
2412,0.3435,7232.920792079208,0.4828959140769838,3
3222,0.344,1575.17,0.4847598013246383,3
3223,0.344,1387.0408163265306,0.4864010766723959,3
3221,0.344,2362.39,0.4891964756420224,3
3229,0.344,4277.89,0.4942584718823449,3
1232,0.3445,3886.891089108911,0.4988578019445046,3
7115,0.345,1193.049504950495,0.5002695287791306,3
7111,0.345,10838.29,0.5130943988041954,3
3421,0.3465,783.21,0.514021165522223,3
7125,0.3465,134.2871287128713,0.5141800665086131,3
1123,0.3467,126.4040404040404,0.5143296394937265,3
3120,0.3475,2226.818181818182,0.5169646173132229,3
3112,0.3479,792.1818181818181,0.5179020003186972,3
3429,0.3494,1044.3960396039604,0.5191378265848898,3
3422,0.3494,277.6039603960396,0.5194663133397674,3
3131,0.3496,4838.45,0.5251916161663919,3
1251,0.35,3443.4752475247524,0.5292662554761015,3
3555,0.35,2190.970297029703,0.5318588147532738,3
5250,0.3508,2101.5050505050503,0.5343455104524796,3
8160,0.3508,362.6666666666667,0.534774651291341,3
2322,0.3523,1524.7920792079208,0.5365789267103499,3
2321,0.3523,1028.2079207920792,0.5377955976928482,3
2329,0.3523,635.55,0.5385476394027886,3
3520,0.3615,1950.8217821782177,0.540856032682402,3
1172,0.3625,502.36633663366337,0.5414504791285014,3
2114,0.3625,499.4059405940594,0.5420414225594176,3
2311,0.3633,3410.762376237624,0.5460773529655636,3
3417,0.3636,1440.9108910891089,0.5477823723824568,3
1135,0.3652,132.62376237623764,0.547939305119513,3
1139,0.3652,2264.4554455445545,0.5506188188404654,3
3432,0.3655,1506.5841584158416,0.5524015489587317,3
1136,0.3664,6678.3564356435645,0.5603039997390841,3
1162,0.3694,54.75247524752475,0.5603687879463197,3
1255,0.3694,595.6435643564356,0.5610736086601166,3
1163,0.3694,376.8712871287129,0.5615195577234471,3
1111,0.37,720.5445544554456,0.5623721728738222,3
2419,0.3708,3396.079207920792,0.5663907287932902,3
1221,0.372,1025.8910891089108,0.567604658285645,3
6250,0.372,16.306930693069308,0.5676239541585775,3
1223,0.372,164.32673267326732,0.5678184007906734,3
2125,0.374,1466.4646464646464,0.5695536577811452,3
5421,0.3741,172.66666666666666,0.5697579729967062,3
5119,0.3746,350.98,0.57017328508758,3
2151,0.3746,476.72,0.5707373844093686,3
2152,0.3746,1766.26,0.5728273870694258,3
1121,0.3758,4670.393939393939,0.5783538303772334,3
2323,0.376,610.1188118811881,0.5790757795465418,3
1171,0.378,1800.04,0.5812057538358363,3
2451,0.385,934.1111111111111,0.5823110807452444,3
5245,0.3851,1367.060606060606,0.5839287136549667,3
1133,0.3852,357.1782178217822,0.5843513600520781,3
3416,0.3903,1504.7623762376238,0.5861319344686932,3
2435,0.3919,36.45,0.5861750654895842,3
2224,0.3933,363.81,0.5866055592264946,3
2226,0.3933,1125.561224489796,0.5879374276678572,3
2225,0.3933,689.75,0.5887536038450759,3
2111,0.3939,562.6161616161617,0.5894193434725198,3
1134,0.3942,2122.5656565656564,0.5919309600342764,3
1242,0.3942,3411.861386138614,0.5959681908908752,3
1140,0.3942,255.05940594059405,0.5962700008378187,3
1241,0.3942,1589.7821782178219,0.5981511785700816,3
1243,0.3942,758.5049504950495,0.5990487119820375,3
3551,0.396,3417.5408163265306,0.6030926632672255,4
7131,0.3964,682.74,0.6039005445622373,4
3574,0.3975,8428.7,0.6138741641996769,4
7112,0.4056,415.62,0.6143659643341831,4
3553,0.411,1281.6464646464647,0.6158825273092626,4
2454,0.4125,1675.1010101010102,0.6178646621970909,4
4142,0.4158,3576.13,0.6220962709142165,4
4143,0.4158,2249.64,0.6247582536258055,4
4141,0.4158,1799.32,0.6268873759443169,4
7220,0.4158,1006.2574257425742,0.6280780730650716,4
2452,0.4163,1071.7777777777778,0.6293462999436431,4
2162,0.4188,310.48,0.6297136886779713,4
2119,0.4188,607.92,0.6304330360091128,4
2113,0.4188,1071.78,0.6317012655172238,4
2112,0.4188,552.91,0.6323555199139561,4
4135,0.4208,227.21,0.6326243758606409,4
1132,0.4231,3079.7676767676767,0.636268642637221,4
3556,0.4231,16988.454545454544,0.6563709578061434,4
2482,0.4241,4783.564356435643,0.6620313148484278,4
2440,0.4241,10046.585858585859,0.6739193670994765,4
2431,0.4241,5927.069306930693,0.680932825264089,4
2434,0.4286,2513.158415841584,0.6839066274077452,4
2439,0.4286,739.72,0.684781932723892,4
3560,0.4286,1398.8217821782177,0.6864371484031795,4
2161,0.4288,2053.366336633663,0.6888668819110642,4
1150,0.4317,1729.99,0.690913966542926,4
3534,0.435,3859.019801980198,0.6954803167129757,4
3533,0.435,3151.787878787879,0.6992098044727634,4
7121,0.4371,517.3775510204082,0.6998220135800786,4
7123,0.4371,116.74257425742574,0.6999601542223056,4
2472,0.4375,77.66336633663366,0.7000520527209595,4
2493,0.4381,2716.5742574257424,0.7032665553560544,4
9219,0.4396,1450.6435643564357,0.7049830913747039,4
3572,0.446,1902.04,0.7072337615249282,4
3571,0.446,10491.0,0.7196476858093823,4
2131,0.4486,2038.6969696969697,0.7220600611616619,4
2132,0.4486,7864.782178217822,0.7313664009266146,4
1137,0.4486,1392.4653465346535,0.7330140950816626,4
5242,0.45,911.04,0.7340921221124613,4
3541,0.45,3521.040404040404,0.7382585437098553,4
2124,0.45,615.9081632653061,0.7389873433767081,4
7122,0.452,1041.6,0.7402198611094969,4
3573,0.4567,1242.6969696969697,0.7416903354294225,4
4134,0.458,2199.990099009901,0.7442935677729224,4
3557,0.4629,2216.4950495049507,0.7469163303047518,4
2142,0.466,1939.2376237623762,0.749211016133648,4
2141,0.466,963.8019801980198,0.750351476033313,4
3132,0.4683,12837.16,0.7655415944459928,4
3552,0.4693,13571.868686868687,0.781601088324302,4
2115,0.4778,989.6435643564356,0.782772126383259,4
7212,0.4844,97.96,0.7828880417414618,4
7213,0.4844,615.52,0.7836163820975353,4
2133,0.4871,9632.366336633664,0.7950142913896042,4
2139,0.4871,3642.3366336633662,0.7993242419366245,4
1131,0.4886,6154.376237623763,0.8066066707453087,5
2135,0.4944,2844.222222222222,0.8099722182922373,5
2421,0.5015,2890.4653465346537,0.813392484993097,5
2423,0.5015,2336.87,0.816157686331636,5
7211,0.505,1392.4653465346535,0.8178053804866838,5
4214,0.5062,227.97029702970298,0.8180751360873351,5
3133,0.5071,1776.5940594059407,0.8201773669650089,5
4215,0.5094,3464.53,0.8242769202107644,5
2137,0.51,1297.1584158415842,0.8258118383652968,5
7214,0.513,844.680412371134,0.8268113425768817,5
6212,0.5175,1075.6363636363637,0.8280841352921412,5
2492,0.5185,290.59,0.8284279883335881,5
2491,0.5185,281.94059405940595,0.8287616065956572,5
4216,0.52,6417.029702970297,0.836354831346755,5
2471,0.52,141.84158415841586,0.8365226714655357,5
3412,0.5242,2052.85,0.8389517939960229,5
3542,0.529,217.3960396039604,0.839209037154481,5
1231,0.5319,423.6237623762376,0.8397103080830136,5
4211,0.5319,915.14,0.8407931866141045,5
3543,0.5356,2388.633663366337,0.8436196395204364,5
3544,0.5356,2670.3762376237623,0.8467794763734405,5
3549,0.5356,3610.4158415841584,0.8510516552784849,5
4212,0.5364,1156.030612244898,0.8524195779256033,5
4123,0.537,2230.5742574257424,0.8550590002821503,5
2433,0.549,2691.138613861386,0.8582434051045168,5
7219,0.552,11768.712871287129,0.8721692377715303,5
2134,0.5544,23172.950495049507,0.8995896221860712,5
2136,0.5584,1183.67,0.9009902503204511,5
3554,0.5594,8093.970297029703,0.9105677867257459,5
2432,0.5594,5020.079207920792,0.9165080100780566,5
2494,0.5594,851.9009900990098,0.9175160583469482,5
2422,0.5608,8272.94,0.9273053683049913,5
4122,0.57,17297.616161616163,0.9477735121741986,5
7113,0.5731,1208.019801980198,0.9492029532528282,5
4159,0.5807,13794.20792079208,0.9655255395356163,5
4151,0.5807,2652.090909090909,0.9686637394918591,5
4111,0.5837,688.61,0.9694785667153382,5
4113,0.5837,549.55,0.9701288452484162,5
4213,0.5837,608.7551020408164,0.9708491807497517,5
4112,0.5837,476.65,0.9714131972410476,5
4121,0.585,1944.234693877551,0.9737137960668034,5
4136,0.5886,1863.8019801980197,0.9759192194452605,5
4129,0.589,5630.584158415842,0.9825818488819034,5
4132,0.589,1649.6336633663366,0.9845338484428715,5
4124,0.589,416.8217821782178,0.9850270706375214,5
4131,0.589,9612.435643564357,0.9964013960848949,5
3532,0.5917,785.98,0.9973314405238516,5
4217,0.6114,168.25742574257427,0.9975305383165755,5
3531,0.6128,1044.950495049505,0.9987670206658793,5
4152,0.676,1041.990099009901,1.0,5
