SOC2020,aei_automation_share
1111,0.4885080446813393
1112,0.14166666666666666
1121,0.4351395730706075
1122,0.2574796145292809
1123,0.33767503133901644
1131,0.28645522303145027
1132,0.24194878188008287
1133,0.27766191428419607
1134,0.2692384060717581
1135,0.33767503133901644
1136,0.40578675014496673
1137,0.3287591130728386
1139,0.33767503133901644
1140,0.2692384060717581
1150,0.22903225806451613
1162,0.33767503133901644
1163,0.33767503133901644
1171,0.21037581699346405
1172,0.25609756097560976
1211,0.1044392115820687
1212,0.1044392115820687
1222,0.19491525423728814
1224,0.4049486267806193
1225,0.33767503133901644
1231,0.6126514760390454
1232,0.2197040375289901
1233,0.45604184614617277
1241,0.2692384060717581
1242,0.2692384060717581
1243,0.2692384060717581
1251,0.3207685878017278
1252,0.33767503133901644
1253,0.33767503133901644
1254,0.33767503133901644
1255,0.33767503133901644
1256,0.33767503133901644
1257,0.33767503133901644
1258,0.33767503133901644
1259,0.33767503133901644
2111,0.2369643856750045
2112,0.1815012279318252
2113,0.1815012279318252
2114,0.21824553127184704
2115,0.36370165857016695
2119,0.1815012279318252
2121,0.2884237421383648
2122,0.3757384324458649
2123,0.18547436054511524
2124,0.4510276722153829
2125,0.21620458647800644
2126,0.3757384324458649
2127,0.1939978531772518
2129,0.1939978531772518
2131,0.3287591130728386
2132,0.3287591130728386
2133,0.2972505414033848
2134,0.3151677138378073
2135,0.3221214229040678
2136,0.3845550398129103
2137,0.19317391935138933
2139,0.2972505414033848
2141,0.5578642946587896
2142,0.5578642946587896
2151,0.33164712639649535
2152,0.33164712639649535
2161,0.2034386503152113
2162,0.1815012279318252
2211,0.13323772234612255
2212,0.17981785583244592
2221,0.21109328597302296
2222,0.17173745062938958
2223,0.0
2224,0.15835420214907156
2225,0.15835420214907156
2226,0.15835420214907156
2229,0.17173745062938958
2231,0.2606510843692867
2232,0.24591818562228618
2233,0.24591818562228618
2234,0.24591818562228618
2235,0.24591818562228618
2236,0.24591818562228618
2237,0.24591818562228618
2240,0.27874564459930307
2251,0.07955477918729331
2252,0.19285714285714284
2253,0.5845323741007195
2254,0.15588618907299168
2256,0.17173745062938958
2259,0.17173745062938958
2311,0.39146676235950434
2312,0.5067273810129846
2313,0.5791475582386204
2314,0.51901095196701
2315,0.5738113037262862
2316,0.5978308454892934
2317,0.5162538012803579
2319,0.4538562419147459
2321,0.42258223247791177
2322,0.42258223247791177
2323,0.3768086059465316
2324,0.45604184614617277
2329,0.42258223247791177
2411,0.29319170326046745
2412,0.29319170326046745
2419,0.35142923015698097
2421,0.3671485996418317
2422,0.31203140894555503
2423,0.3671485996418317
2431,0.4127200056425991
2432,0.435349868039723
2433,0.3087022532872184
2434,0.4630163213218289
2435,0.3438781879983844
2439,0.4630163213218289
2440,0.4127200056425991
2451,0.18446106535070214
2452,0.30993158243213415
2453,0.1939978531772518
2454,0.571121351766513
2455,0.2574796145292809
2461,0.14933030269010153
2462,0.14933030269010153
2463,0.32238924336297103
2464,0.14933030269010153
2469,0.14933030269010153
2471,0.4461918511476135
2472,0.4654209853149903
2481,0.1939978531772518
2482,0.4127200056425991
2483,0.6856616636428611
2491,0.3992958757343835
2492,0.3992958757343835
2493,0.28604910999107147
2494,0.435349868039723
3111,0.4253826480593849
3112,0.3102050860885826
3113,0.3785546053454871
3114,0.34815044014329977
3115,0.3756815880428748
3116,0.6134266957828499
3119,0.3756815880428748
3120,0.5210231198927237
3131,0.43500468577791457
3132,0.3678347842669257
3133,0.35302012930885673
3212,0.5
3214,0.043196690740175625
3219,0.2660352585679834
3221,0.0
3222,0.0
3223,0.0
3224,0.14933030269010153
3229,0.0
3231,0.5725116713352008
3232,0.43836780677518594
3240,0.2136914185820776
3312,0.32305802200256883
3314,0.6420118343195267
3319,0.6809745982637387
3411,0.5580825978589913
3412,0.42700281013071645
3414,0.300414364640884
3415,0.4783150731284663
3416,0.5213607114354809
3417,0.6432814446337616
3421,0.48784303055677536
3422,0.39112954091893826
3429,0.39112954091893826
3432,0.28224416991813034
3433,0.27516559099159876
3512,0.0
3520,0.5218456871519879
3531,0.19131216174568302
3532,0.31066176470588236
3533,0.597184106306978
3534,0.597184106306978
3541,0.36927575348627983
3542,0.4212056054771074
3543,0.4543751550875869
3544,0.4543751550875869
3549,0.4543751550875869
3551,0.35941963329286575
3552,0.26828890860888466
3553,0.40564211949684637
3554,0.435349868039723
3555,0.3207685878017278
3556,0.24194878188008287
3557,0.3598125278976343
3560,0.4630163213218289
3571,0.4343043522808634
3572,0.4343043522808634
3573,0.26531942633637545
3574,0.26531942633637545
3581,0.37999999999999995
3582,0.6856616636428611
4111,0.6961305412537382
4112,0.6961305412537382
4113,0.6961305412537382
4121,0.22638108081697556
4122,0.5162111007725366
4123,0.5
4124,0.5701887604126659
4129,0.5701887604126659
4131,0.5701887604126659
4132,0.5701887604126659
4133,0.23595219933892705
4134,0.0
4135,0.5460631309104609
4136,0.43077323953211716
4141,0.41438564321937627
4142,0.41438564321937627
4143,0.41438564321937627
4151,0.5156763153794353
4152,1.0
4159,0.5156763153794353
4211,0.6126514760390454
4212,0.8203125
4213,0.6961305412537382
4214,0.6551284610660575
4215,0.4160730321143703
4216,0.4727663666161064
4217,0.630462596167299
5112,0.23140916808149403
5113,0.23140916808149403
5114,0.23140916808149403
5119,0.33164712639649535
5211,0.0
5214,0.2809958337804746
5221,0.4328994937113804
5222,0.47148607516415225
5223,0.15704212566612455
5224,0.2875654079274408
5225,0.32074209965676403
5231,0.2919555886331615
5232,0.0
5234,0.1921706710853355
5236,0.15704212566612455
5241,0.2883030390222182
5242,0.4510276722153829
5243,0.22518605268418126
5244,0.22518605268418126
5245,0.3705306876313803
5246,0.2883030390222182
5249,0.384341342170671
5315,0.2809958337804746
5316,0.3947368421052631
5319,0.2574796145292809
5321,0.28758169934640526
5322,0.3026315789473684
5330,0.2926829268292683
5413,0.5423340961098398
5421,0.40445002523849916
5422,0.5094339622641509
5432,0.3636363636363637
5434,0.3333333333333333
5435,0.7092597758833371
5436,0.19491525423728814
5441,0.5237470503105442
5442,0.7773261065943993
5443,0.0
5449,0.4621816168327797
6111,0.43836780677518594
6112,0.5725116713352008
6113,0.5725116713352008
6114,0.43836780677518594
6116,0.43836780677518594
6117,0.43836780677518594
6121,0.2838709677419355
6129,0.28687189494123383
6131,0.0
6133,0.22222222222222218
6134,0.6978020026109021
6135,0.6978020026109021
6136,0.6978020026109021
6137,0.6978020026109021
6138,0.1952380952380952
6211,0.3860497099873137
6212,0.2805822290921842
6213,0.0
6214,0.0
6219,0.0
6221,0.4130449952583446
6222,0.20018047068681638
6231,0.5467030039163532
6240,0.2856866812706321
6311,0.6809745982637387
6312,0.35265400208086684
7111,0.21483042201922614
7112,0.23630367512608755
7113,0.15161290322580642
7114,0.5
7115,0.21483042201922614
7121,0.10119047619047618
7122,0.35057902596344515
7123,0.10119047619047618
7124,0.10119047619047618
7125,0.48784303055677536
7129,0.2894972071347453
7131,0.22903225806451613
7132,0.3065693430656934
7211,0.3740999199371614
7212,0.4633862843858969
7213,0.4633862843858969
7214,0.510305321366338
7219,0.5109880701160598
7220,0.41438564321937627
8111,0.3796946068875894
8113,0.4037267080745342
8119,0.4037267080745342
8120,0.4328994937113804
8134,0.34375
8135,0.5094339622641509
8139,0.45454545454545453
8143,0.4915862384557783
8144,0.4915862384557783
8145,0.2919555886331615
8159,0.0
8211,0.30953926022063594
8212,0.3516483516483516
8213,0.0
8214,0.0
8215,0.5644883398362607
8219,0.0
8221,0.4233128834355829
8231,0.15624999999999997
8233,0.6556962025316455
8234,0.0
8239,0.6556962025316455
9111,0.688663282571912
9131,0.3870967741935483
9139,0.3870967741935483
9211,0.375
9219,0.5553059784094591
9223,0.5
9229,0.5
9231,0.5174418604651163
9232,0.5725116713352008
9233,0.5725116713352008
9241,0.0
9249,0.0
9251,0.6556962025316455
9252,0.6556962025316455
9253,0.6556962025316455
9259,0.6556962025316455
9261,0.21951219512195116
9262,0.5
9263,0.21951219512195116
9264,0.27272727272727276
9265,0.4027777777777778
9266,0.4027777777777778
9267,0.35265400208086684
9269,0.35265400208086684
