date,value
1995-01-01,1.3120998438957752
1996-01-01,1.408295323561747
1997-01-01,1.6063514948465827
1998-01-01,1.8459883965124921
1999-01-01,1.9635941847319291
2000-01-01,2.1137026988404166
2001-01-01,2.0619320570214263
2002-01-01,1.9696344957558651
2003-01-01,1.768901777625741
2004-01-01,1.516866799725158
2005-01-01,1.190701468005118
2006-01-01,1.0486286918338497
2007-01-01,0.9096763112118251
2008-01-01,0.9072687880881782
2009-01-01,0.9886149118131965
2010-01-01,1.0312765427336252
2011-01-01,0.9760547500169017
2012-01-01,0.9667184448327398
2013-01-01,1.0084387144986169
2014-01-01,0.9955490987028448
2015-01-01,1.0277139117443177
2016-01-01,1.1015713799502964
2017-01-01,1.095052301224521
2018-01-01,1.0821659003271833
2019-01-01,1.0540919929537615
2020-01-01,1.0079638327473104
2021-01-01,0.9187573838182106
2022-01-01,0.9241116864933018
2023-01-01,0.8647201672714316
2024-01-01,0.8661463182261908
