indicator,key,score,z,live,latest_date,latest_value,unit,rationale
"Output growth (GDP, YoY)",output_growth,neutral,-0.47,True,2026-01-01,1.2,% YoY,"<b>Output growth (GDP, YoY)</b><br>Latest: +1.2% YoY<br>0.5σ below its 1997–2019 average → <b>neutral evidence</b><br>Ordinary trend growth — output isn't accelerating."
"Labour productivity growth (output/hr, YoY)",labour_productivity_growth,neutral,-0.85,True,2025-10-01,0.13,% YoY,"<b>Labour productivity growth (output/hr, YoY)</b><br>Latest: +0.1% YoY<br>0.8σ below its 1997–2019 average → <b>neutral evidence</b><br>Productivity growth is weak — no AI-driven break."
Computer-services imports (% of total imports),computer_services_imports,strong,2.32,True,2024-01-01,1.22,%,<b>Computer-services imports (% of total imports)</b><br>Latest: 1.22% of all UK imports (was ~0.5% pre-2020)<br>2.3σ above its 1997–2019 average → <b>strong evidence</b><br>The UK buys AI as imported cloud/compute — elevated well above its pre-AI norm.
Capital share of income (100 - labour share),capital_share,neutral,-0.34,True,2025-10-01,40.7,%,"<b>Capital share of income (100 - labour share)</b><br>Latest: 40.7% of income<br>0.3σ below its 1997–2019 average → <b>neutral evidence</b><br>Capital's slice of income; UK series is noisier than the US (oil, finance, housing)."
"Multifactor productivity growth (TFP, YoY)",tfp_growth,neutral,-0.93,True,2024-01-01,-0.56,% YoY,"<b>Multifactor productivity growth (TFP, YoY)</b><br>Latest: -0.6% YoY<br>0.9σ below its 1997–2019 average → <b>neutral evidence</b><br>Total factor productivity is flat/negative — the opposite of takeoff."
10y real interest rate (index-linked gilt),real_yield,neutral,0.66,True,2026-09-30,1.88,%,<b>10y real interest rate (index-linked gilt)</b><br>Latest: 1.88%<br>0.7σ above its 1997–2019 average → <b>neutral evidence</b><br>Real cost of capital — back to mid-1990s levels after the QE-era trough.
"IPP (software + R&D) investment (% of GFCF, 4q avg)",ipp_investment_share,mild,1.67,True,2026-01-01,26.56,%,"<b>IPP (software + R&D) investment (% of GFCF, 4q avg)</b><br>Latest: 26.6% of investment (was ~21% in 1998)<br>1.7σ above its 1997–2019 average → <b>mild evidence</b><br>Software/R&D capex — where AI investment lands. Elevated vs history, but plateaued since 2019."
"Info & Comms sector investment (% of business investment, 4q avg)",infocomm_investment_share,neutral,-0.15,True,2026-01-01,11.37,%,"<b>Info & Comms sector investment (% of business investment, 4q avg)</b><br>Latest: 11.4% of business investment<br>0.1σ below its 1997–2019 average → <b>neutral evidence</b><br>The datacentre/hosting/software sector — mid-range, no unusual buildout. The 'building' tripwire if the UK starts hosting AI."
Electricity consumption growth (YoY),electricity_consumption_growth,neutral,0.18,True,2024-01-01,0.06,% YoY,<b>Electricity consumption growth (YoY)</b><br>Latest: +0.1% YoY<br>0.2σ above its 1997–2019 average → <b>neutral evidence</b><br>UK power demand is flat/declining — not yet an AI signal (datacentres are still ~2-3% of load).
